{
    "roc_auc": {
        "0": 0.9994543870763383,
        "1": 0.9992949057199153,
        "2": 0.9970512079123706,
        "3": 0.9991570942411261,
        "4": 0.9992744201571964,
        "5": 0.9983600505936732,
        "6": 0.9982613034325086,
        "7": 0.9978000081533384,
        "8": 0.998944868827494,
        "9": 0.9977490429533157
    }
}