{
    "roc_auc": {
        "0": 0.9980202158468708,
        "1": 0.9966037304551134,
        "2": 0.9865481012592577,
        "3": 0.9889940968512869,
        "4": 0.9909405560908053,
        "5": 0.9855169702483992,
        "6": 0.9945936591891515,
        "7": 0.9853619930401716,
        "8": 0.9865458831912008,
        "9": 0.8956679948310827
    }
}