{
    "roc_auc": {
        "0": 0.9990962826372234,
        "1": 0.9945952876107843,
        "2": 0.9957935061095783,
        "3": 0.9966349299001092,
        "4": 0.9957894801029307,
        "5": 0.9909609228372632,
        "6": 0.996794592066067,
        "7": 0.993919366086623,
        "8": 0.9929453174516149,
        "9": 0.9940810207851282
    }
}